{
	"$schema": "https://schemas.wp.org/trunk/theme.json",
	"version": 2,
	"title": "Black",
	"settings": {
		"color": {
			"palette": [
				{
					"name": "Base color (content text)",
					"slug": "basecolor",
					"color": "#fffffe"
				},
				{
					"name": "Contrast color (content background)",
					"slug": "contrastcolor",
					"color": "#000001"
				},
				{
					"name": "Primary",
					"slug": "primary",
					"color": "#FE5B24"
				},
				{
					"name": "Secondary",
					"slug": "secondary",
					"color": "#7000f4"
				},
				{
					"name": "Text over primary",
					"slug": "textonprimary",
					"color": "#fffffd"
				},
				{
					"name": "Secondary Button",
					"slug": "button",
					"color": "#ffd800"
				},
				{
					"name": "Text over button",
					"slug": "textonbutton",
					"color": "#010101"
				},
				{
					"name": "Attention Color",
					"slug": "accent",
					"color": "#de1414"
				},
				{
					"name": "Accented Light Background",
					"slug": "lightbg",
					"color": "#cddceb21"
				},
				{
					"name": "Tag color",
					"slug": "tagcolor",
					"color": "#b952fe26"
				},
				{
					"name": "Light Grey (for Meta text)",
					"slug": "lightgrey",
					"color": "#A8B8CD"
				},
				{
					"name": "Borders, Dividers",
					"slug": "lightborder",
					"color": "#cecece6b"
				},
				{
					"name": "Input background",
					"slug": "inputbg",
					"color": "#fafbfd"
				},
				{
					"name": "Input text",
					"slug": "inputtext",
					"color": "#444"
				}
			]
		}
	}
}
